{
    "P1552":{
        "precision":1.0,
        "recall":0.125,
        "f1-score":0.2222222222,
        "support":8.0
    },
    "P1889":{
        "precision":0.125,
        "recall":0.2,
        "f1-score":0.1538461538,
        "support":10.0
    },
    "P2283":{
        "precision":0.5,
        "recall":0.0714285714,
        "f1-score":0.125,
        "support":14.0
    },
    "P279":{
        "precision":0.2142857143,
        "recall":0.3,
        "f1-score":0.25,
        "support":10.0
    },
    "P31":{
        "precision":0.1818181818,
        "recall":0.1428571429,
        "f1-score":0.16,
        "support":14.0
    },
    "P361":{
        "precision":0.2307692308,
        "recall":0.2727272727,
        "f1-score":0.25,
        "support":11.0
    },
    "P366":{
        "precision":0.25,
        "recall":0.3,
        "f1-score":0.2727272727,
        "support":20.0
    },
    "P460":{
        "precision":1.0,
        "recall":0.5,
        "f1-score":0.6666666667,
        "support":2.0
    },
    "P527":{
        "precision":0.0555555556,
        "recall":0.0909090909,
        "f1-score":0.0689655172,
        "support":11.0
    },
    "accuracy":{
        "precision":0.2,
        "recall":0.2,
        "f1-score":0.2,
        "support":0.2
    },
    "macro avg":{
        "precision":0.3952698536,
        "recall":0.2225468975,
        "f1-score":0.241047537,
        "support":100.0
    },
    "weighted avg":{
        "precision":0.3108788434,
        "recall":0.2,
        "f1-score":0.2010273879,
        "support":100.0
    }
}