{
    "P1552":{
        "precision":0.0,
        "recall":0.0,
        "f1-score":0.0,
        "support":8.0
    },
    "P1889":{
        "precision":0.0,
        "recall":0.0,
        "f1-score":0.0,
        "support":10.0
    },
    "P2283":{
        "precision":0.0,
        "recall":0.0,
        "f1-score":0.0,
        "support":14.0
    },
    "P279":{
        "precision":0.1818181818,
        "recall":0.2,
        "f1-score":0.1904761905,
        "support":10.0
    },
    "P31":{
        "precision":0.16,
        "recall":0.2857142857,
        "f1-score":0.2051282051,
        "support":14.0
    },
    "P361":{
        "precision":0.0625,
        "recall":0.0909090909,
        "f1-score":0.0740740741,
        "support":11.0
    },
    "P366":{
        "precision":0.375,
        "recall":0.15,
        "f1-score":0.2142857143,
        "support":20.0
    },
    "P460":{
        "precision":0.0,
        "recall":0.0,
        "f1-score":0.0,
        "support":2.0
    },
    "P527":{
        "precision":0.1111111111,
        "recall":0.2727272727,
        "f1-score":0.1578947368,
        "support":11.0
    },
    "accuracy":{
        "precision":0.13,
        "recall":0.13,
        "f1-score":0.13,
        "support":0.13
    },
    "macro avg":{
        "precision":0.0989365881,
        "recall":0.111038961,
        "f1-score":0.0935398801,
        "support":100.0
    },
    "weighted avg":{
        "precision":0.1346790404,
        "recall":0.13,
        "f1-score":0.1161392798,
        "support":100.0
    }
}