{
    "P1552":{
        "precision":0.2,
        "recall":0.125,
        "f1-score":0.1538461538,
        "support":8.0
    },
    "P1889":{
        "precision":0.0,
        "recall":0.0,
        "f1-score":0.0,
        "support":10.0
    },
    "P2283":{
        "precision":0.7142857143,
        "recall":0.3571428571,
        "f1-score":0.4761904762,
        "support":14.0
    },
    "P279":{
        "precision":0.125,
        "recall":0.1,
        "f1-score":0.1111111111,
        "support":10.0
    },
    "P31":{
        "precision":0.2222222222,
        "recall":0.2857142857,
        "f1-score":0.25,
        "support":14.0
    },
    "P361":{
        "precision":0.1,
        "recall":0.0909090909,
        "f1-score":0.0952380952,
        "support":11.0
    },
    "P366":{
        "precision":0.2666666667,
        "recall":0.4,
        "f1-score":0.32,
        "support":20.0
    },
    "P460":{
        "precision":0.3333333333,
        "recall":0.5,
        "f1-score":0.4,
        "support":2.0
    },
    "P527":{
        "precision":0.1428571429,
        "recall":0.0909090909,
        "f1-score":0.1111111111,
        "support":11.0
    },
    "accuracy":{
        "precision":0.22,
        "recall":0.22,
        "f1-score":0.22,
        "support":0.22
    },
    "macro avg":{
        "precision":0.2338183422,
        "recall":0.2166305916,
        "f1-score":0.2130552164,
        "support":100.0
    },
    "weighted avg":{
        "precision":0.2463253968,
        "recall":0.22,
        "f1-score":0.2197838828,
        "support":100.0
    }
}