{
    "P1552":{
        "precision":0.0,
        "recall":0.0,
        "f1-score":0.0,
        "support":8.0
    },
    "P1889":{
        "precision":0.0,
        "recall":0.0,
        "f1-score":0.0,
        "support":10.0
    },
    "P2283":{
        "precision":0.3333333333,
        "recall":0.2142857143,
        "f1-score":0.2608695652,
        "support":14.0
    },
    "P279":{
        "precision":0.1538461538,
        "recall":0.2,
        "f1-score":0.1739130435,
        "support":10.0
    },
    "P31":{
        "precision":0.2777777778,
        "recall":0.3571428571,
        "f1-score":0.3125,
        "support":14.0
    },
    "P361":{
        "precision":0.0454545455,
        "recall":0.0909090909,
        "f1-score":0.0606060606,
        "support":11.0
    },
    "P366":{
        "precision":0.3125,
        "recall":0.25,
        "f1-score":0.2777777778,
        "support":20.0
    },
    "P460":{
        "precision":0.0,
        "recall":0.0,
        "f1-score":0.0,
        "support":2.0
    },
    "P527":{
        "precision":0.0,
        "recall":0.0,
        "f1-score":0.0,
        "support":11.0
    },
    "accuracy":{
        "precision":0.16,
        "recall":0.16,
        "f1-score":0.16,
        "support":0.16
    },
    "macro avg":{
        "precision":0.1247679789,
        "recall":0.1235930736,
        "f1-score":0.1206296052,
        "support":100.0
    },
    "weighted avg":{
        "precision":0.1684401709,
        "recall":0.16,
        "f1-score":0.1598852657,
        "support":100.0
    }
}