{
    "P1552":{
        "precision":0.1,
        "recall":0.125,
        "f1-score":0.1111111111,
        "support":8.0
    },
    "P1889":{
        "precision":0.0,
        "recall":0.0,
        "f1-score":0.0,
        "support":10.0
    },
    "P2283":{
        "precision":0.3,
        "recall":0.4285714286,
        "f1-score":0.3529411765,
        "support":14.0
    },
    "P279":{
        "precision":0.0,
        "recall":0.0,
        "f1-score":0.0,
        "support":10.0
    },
    "P31":{
        "precision":0.25,
        "recall":0.1428571429,
        "f1-score":0.1818181818,
        "support":14.0
    },
    "P361":{
        "precision":0.4285714286,
        "recall":0.2727272727,
        "f1-score":0.3333333333,
        "support":11.0
    },
    "P366":{
        "precision":0.4166666667,
        "recall":0.5,
        "f1-score":0.4545454545,
        "support":20.0
    },
    "P460":{
        "precision":0.0,
        "recall":0.0,
        "f1-score":0.0,
        "support":2.0
    },
    "P527":{
        "precision":0.125,
        "recall":0.0909090909,
        "f1-score":0.1052631579,
        "support":11.0
    },
    "accuracy":{
        "precision":0.23,
        "recall":0.23,
        "f1-score":0.23,
        "support":0.23
    },
    "macro avg":{
        "precision":0.180026455,
        "recall":0.1733405483,
        "f1-score":0.1710013795,
        "support":100.0
    },
    "weighted avg":{
        "precision":0.2292261905,
        "recall":0.23,
        "f1-score":0.222909904,
        "support":100.0
    }
}