{
    "P1552":{
        "precision":0.0,
        "recall":0.0,
        "f1-score":0.0,
        "support":8.0
    },
    "P1889":{
        "precision":0.1666666667,
        "recall":0.1,
        "f1-score":0.125,
        "support":10.0
    },
    "P2283":{
        "precision":0.0,
        "recall":0.0,
        "f1-score":0.0,
        "support":14.0
    },
    "P279":{
        "precision":0.0625,
        "recall":0.1,
        "f1-score":0.0769230769,
        "support":10.0
    },
    "P31":{
        "precision":0.2222222222,
        "recall":0.5714285714,
        "f1-score":0.32,
        "support":14.0
    },
    "P361":{
        "precision":0.0,
        "recall":0.0,
        "f1-score":0.0,
        "support":11.0
    },
    "P366":{
        "precision":0.4285714286,
        "recall":0.45,
        "f1-score":0.4390243902,
        "support":20.0
    },
    "P460":{
        "precision":0.0,
        "recall":0.0,
        "f1-score":0.0,
        "support":2.0
    },
    "P527":{
        "precision":0.0,
        "recall":0.0,
        "f1-score":0.0,
        "support":11.0
    },
    "accuracy":{
        "precision":0.19,
        "recall":0.19,
        "f1-score":0.19,
        "support":0.19
    },
    "macro avg":{
        "precision":0.0977733686,
        "recall":0.1357142857,
        "f1-score":0.1067719408,
        "support":100.0
    },
    "weighted avg":{
        "precision":0.1397420635,
        "recall":0.19,
        "f1-score":0.1527971857,
        "support":100.0
    }
}