{
    "P1552":{
        "precision":0.0,
        "recall":0.0,
        "f1-score":0.0,
        "support":8.0
    },
    "P1889":{
        "precision":0.0,
        "recall":0.0,
        "f1-score":0.0,
        "support":10.0
    },
    "P2283":{
        "precision":0.0,
        "recall":0.0,
        "f1-score":0.0,
        "support":14.0
    },
    "P279":{
        "precision":0.0,
        "recall":0.0,
        "f1-score":0.0,
        "support":10.0
    },
    "P31":{
        "precision":0.1714285714,
        "recall":0.4285714286,
        "f1-score":0.2448979592,
        "support":14.0
    },
    "P361":{
        "precision":0.0238095238,
        "recall":0.0909090909,
        "f1-score":0.0377358491,
        "support":11.0
    },
    "P366":{
        "precision":0.5,
        "recall":0.15,
        "f1-score":0.2307692308,
        "support":20.0
    },
    "P460":{
        "precision":0.0,
        "recall":0.0,
        "f1-score":0.0,
        "support":2.0
    },
    "P527":{
        "precision":0.0,
        "recall":0.0,
        "f1-score":0.0,
        "support":11.0
    },
    "accuracy":{
        "precision":0.1,
        "recall":0.1,
        "f1-score":0.1,
        "support":0.1
    },
    "macro avg":{
        "precision":0.0772486772,
        "recall":0.0743867244,
        "f1-score":0.0570447821,
        "support":100.0
    },
    "weighted avg":{
        "precision":0.1266190476,
        "recall":0.1,
        "f1-score":0.0845905038,
        "support":100.0
    }
}