{
    "P1552":{
        "precision":0.0,
        "recall":0.0,
        "f1-score":0.0,
        "support":8.0
    },
    "P1889":{
        "precision":0.3333333333,
        "recall":0.3,
        "f1-score":0.3157894737,
        "support":10.0
    },
    "P2283":{
        "precision":0.5,
        "recall":0.0714285714,
        "f1-score":0.125,
        "support":14.0
    },
    "P279":{
        "precision":0.1176470588,
        "recall":0.2,
        "f1-score":0.1481481481,
        "support":10.0
    },
    "P31":{
        "precision":0.3333333333,
        "recall":0.5,
        "f1-score":0.4,
        "support":14.0
    },
    "P361":{
        "precision":0.0,
        "recall":0.0,
        "f1-score":0.0,
        "support":11.0
    },
    "P366":{
        "precision":0.3333333333,
        "recall":0.45,
        "f1-score":0.3829787234,
        "support":20.0
    },
    "P460":{
        "precision":0.0,
        "recall":0.0,
        "f1-score":0.0,
        "support":2.0
    },
    "P527":{
        "precision":0.0,
        "recall":0.0,
        "f1-score":0.0,
        "support":11.0
    },
    "accuracy":{
        "precision":0.22,
        "recall":0.22,
        "f1-score":0.22,
        "support":0.22
    },
    "macro avg":{
        "precision":0.1797385621,
        "recall":0.169047619,
        "f1-score":0.1524351495,
        "support":100.0
    },
    "weighted avg":{
        "precision":0.2284313725,
        "recall":0.22,
        "f1-score":0.1964895069,
        "support":100.0
    }
}