{
    "P1552":{
        "precision":0.0,
        "recall":0.0,
        "f1-score":0.0,
        "support":8.0
    },
    "P1889":{
        "precision":0.1666666667,
        "recall":0.1,
        "f1-score":0.125,
        "support":10.0
    },
    "P2283":{
        "precision":0.3076923077,
        "recall":0.2857142857,
        "f1-score":0.2962962963,
        "support":14.0
    },
    "P279":{
        "precision":0.1,
        "recall":0.1,
        "f1-score":0.1,
        "support":10.0
    },
    "P31":{
        "precision":0.2173913043,
        "recall":0.3571428571,
        "f1-score":0.2702702703,
        "support":14.0
    },
    "P361":{
        "precision":0.2142857143,
        "recall":0.2727272727,
        "f1-score":0.24,
        "support":11.0
    },
    "P366":{
        "precision":0.3,
        "recall":0.3,
        "f1-score":0.3,
        "support":20.0
    },
    "P460":{
        "precision":0.1666666667,
        "recall":0.5,
        "f1-score":0.25,
        "support":2.0
    },
    "P527":{
        "precision":0.25,
        "recall":0.1818181818,
        "f1-score":0.2105263158,
        "support":11.0
    },
    "accuracy":{
        "precision":0.23,
        "recall":0.23,
        "f1-score":0.23,
        "support":0.23
    },
    "macro avg":{
        "precision":0.1914114066,
        "recall":0.233044733,
        "f1-score":0.1991214314,
        "support":100.0
    },
    "weighted avg":{
        "precision":0.2145831343,
        "recall":0.23,
        "f1-score":0.2163772141,
        "support":100.0
    }
}