{
    "P1552":{
        "precision":0.0,
        "recall":0.0,
        "f1-score":0.0,
        "support":8.0
    },
    "P1889":{
        "precision":0.0,
        "recall":0.0,
        "f1-score":0.0,
        "support":10.0
    },
    "P2283":{
        "precision":0.25,
        "recall":0.1428571429,
        "f1-score":0.1818181818,
        "support":14.0
    },
    "P279":{
        "precision":0.1818181818,
        "recall":0.2,
        "f1-score":0.1904761905,
        "support":10.0
    },
    "P31":{
        "precision":0.1935483871,
        "recall":0.4285714286,
        "f1-score":0.2666666667,
        "support":14.0
    },
    "P361":{
        "precision":0.1428571429,
        "recall":0.2727272727,
        "f1-score":0.1875,
        "support":11.0
    },
    "P366":{
        "precision":0.4,
        "recall":0.2,
        "f1-score":0.2666666667,
        "support":20.0
    },
    "P460":{
        "precision":0.0,
        "recall":0.0,
        "f1-score":0.0,
        "support":2.0
    },
    "P527":{
        "precision":0.0833333333,
        "recall":0.0909090909,
        "f1-score":0.0869565217,
        "support":11.0
    },
    "accuracy":{
        "precision":0.18,
        "recall":0.18,
        "f1-score":0.18,
        "support":0.18
    },
    "macro avg":{
        "precision":0.1390618939,
        "recall":0.1483405483,
        "f1-score":0.1311204697,
        "support":100.0
    },
    "weighted avg":{
        "precision":0.1851595448,
        "recall":0.18,
        "f1-score":0.1653590486,
        "support":100.0
    }
}