{
    "P1552":{
        "precision":0.0,
        "recall":0.0,
        "f1-score":0.0,
        "support":8.0
    },
    "P1889":{
        "precision":0.6666666667,
        "recall":0.2,
        "f1-score":0.3076923077,
        "support":10.0
    },
    "P2283":{
        "precision":0.1463414634,
        "recall":0.4285714286,
        "f1-score":0.2181818182,
        "support":14.0
    },
    "P279":{
        "precision":0.1176470588,
        "recall":0.2,
        "f1-score":0.1481481481,
        "support":10.0
    },
    "P31":{
        "precision":0.2222222222,
        "recall":0.1428571429,
        "f1-score":0.1739130435,
        "support":14.0
    },
    "P361":{
        "precision":0.2105263158,
        "recall":0.3636363636,
        "f1-score":0.2666666667,
        "support":11.0
    },
    "P366":{
        "precision":0.25,
        "recall":0.05,
        "f1-score":0.0833333333,
        "support":20.0
    },
    "P460":{
        "precision":0.0,
        "recall":0.0,
        "f1-score":0.0,
        "support":2.0
    },
    "P527":{
        "precision":0.0,
        "recall":0.0,
        "f1-score":0.0,
        "support":11.0
    },
    "accuracy":{
        "precision":0.17,
        "recall":0.17,
        "f1-score":0.17,
        "support":0.17
    },
    "macro avg":{
        "precision":0.1792670808,
        "recall":0.1538961039,
        "f1-score":0.1331039242,
        "support":100.0
    },
    "weighted avg":{
        "precision":0.2031881833,
        "recall":0.17,
        "f1-score":0.1464773262,
        "support":100.0
    }
}