{
    "P1552":{
        "precision":1.0,
        "recall":0.125,
        "f1-score":0.2222222222,
        "support":8.0
    },
    "P1889":{
        "precision":0.0,
        "recall":0.0,
        "f1-score":0.0,
        "support":10.0
    },
    "P2283":{
        "precision":0.0,
        "recall":0.0,
        "f1-score":0.0,
        "support":14.0
    },
    "P279":{
        "precision":0.1333333333,
        "recall":0.2,
        "f1-score":0.16,
        "support":10.0
    },
    "P31":{
        "precision":0.3,
        "recall":0.4285714286,
        "f1-score":0.3529411765,
        "support":14.0
    },
    "P361":{
        "precision":0.1,
        "recall":0.1818181818,
        "f1-score":0.1290322581,
        "support":11.0
    },
    "P366":{
        "precision":0.3928571429,
        "recall":0.55,
        "f1-score":0.4583333333,
        "support":20.0
    },
    "P460":{
        "precision":0.3333333333,
        "recall":0.5,
        "f1-score":0.4,
        "support":2.0
    },
    "P527":{
        "precision":0.1111111111,
        "recall":0.0909090909,
        "f1-score":0.1,
        "support":11.0
    },
    "accuracy":{
        "precision":0.24,
        "recall":0.24,
        "f1-score":0.24,
        "support":0.24
    },
    "macro avg":{
        "precision":0.2634038801,
        "recall":0.2306998557,
        "f1-score":0.2025032211,
        "support":100.0
    },
    "weighted avg":{
        "precision":0.2437936508,
        "recall":0.24,
        "f1-score":0.2080497575,
        "support":100.0
    }
}