{
    "P1552":{
        "precision":0.0,
        "recall":0.0,
        "f1-score":0.0,
        "support":8.0
    },
    "P1889":{
        "precision":0.0,
        "recall":0.0,
        "f1-score":0.0,
        "support":10.0
    },
    "P2283":{
        "precision":0.2352941176,
        "recall":0.2857142857,
        "f1-score":0.2580645161,
        "support":14.0
    },
    "P279":{
        "precision":0.0,
        "recall":0.0,
        "f1-score":0.0,
        "support":10.0
    },
    "P31":{
        "precision":0.3125,
        "recall":0.3571428571,
        "f1-score":0.3333333333,
        "support":14.0
    },
    "P361":{
        "precision":0.2,
        "recall":0.1818181818,
        "f1-score":0.1904761905,
        "support":11.0
    },
    "P366":{
        "precision":0.2857142857,
        "recall":0.1,
        "f1-score":0.1481481481,
        "support":20.0
    },
    "P460":{
        "precision":0.0,
        "recall":0.0,
        "f1-score":0.0,
        "support":2.0
    },
    "P527":{
        "precision":0.09375,
        "recall":0.2727272727,
        "f1-score":0.1395348837,
        "support":11.0
    },
    "accuracy":{
        "precision":0.16,
        "recall":0.16,
        "f1-score":0.16,
        "support":0.16
    },
    "macro avg":{
        "precision":0.1252509337,
        "recall":0.133044733,
        "f1-score":0.1188396746,
        "support":100.0
    },
    "weighted avg":{
        "precision":0.1661465336,
        "recall":0.16,
        "f1-score":0.1487265467,
        "support":100.0
    }
}