{
    "P1552":{
        "precision":0.0,
        "recall":0.0,
        "f1-score":0.0,
        "support":8.0
    },
    "P1889":{
        "precision":0.2857142857,
        "recall":0.2,
        "f1-score":0.2352941176,
        "support":10.0
    },
    "P2283":{
        "precision":0.375,
        "recall":0.2142857143,
        "f1-score":0.2727272727,
        "support":14.0
    },
    "P279":{
        "precision":0.0,
        "recall":0.0,
        "f1-score":0.0,
        "support":10.0
    },
    "P31":{
        "precision":0.1904761905,
        "recall":0.2857142857,
        "f1-score":0.2285714286,
        "support":14.0
    },
    "P361":{
        "precision":0.1428571429,
        "recall":0.0909090909,
        "f1-score":0.1111111111,
        "support":11.0
    },
    "P366":{
        "precision":0.4285714286,
        "recall":0.6,
        "f1-score":0.5,
        "support":20.0
    },
    "P460":{
        "precision":0.1666666667,
        "recall":0.5,
        "f1-score":0.25,
        "support":2.0
    },
    "P527":{
        "precision":0.0909090909,
        "recall":0.0909090909,
        "f1-score":0.0909090909,
        "support":11.0
    },
    "accuracy":{
        "precision":0.24,
        "recall":0.24,
        "f1-score":0.24,
        "support":0.24
    },
    "macro avg":{
        "precision":0.1866883117,
        "recall":0.2202020202,
        "f1-score":0.187623669,
        "support":100.0
    },
    "weighted avg":{
        "precision":0.2225,
        "recall":0.24,
        "f1-score":0.2209334522,
        "support":100.0
    }
}