{
    "P1552":{
        "precision":0.0,
        "recall":0.0,
        "f1-score":0.0,
        "support":8.0
    },
    "P1889":{
        "precision":0.1,
        "recall":0.1,
        "f1-score":0.1,
        "support":10.0
    },
    "P2283":{
        "precision":0.3076923077,
        "recall":0.2857142857,
        "f1-score":0.2962962963,
        "support":14.0
    },
    "P279":{
        "precision":0.0,
        "recall":0.0,
        "f1-score":0.0,
        "support":10.0
    },
    "P31":{
        "precision":0.1904761905,
        "recall":0.2857142857,
        "f1-score":0.2285714286,
        "support":14.0
    },
    "P361":{
        "precision":0.0,
        "recall":0.0,
        "f1-score":0.0,
        "support":11.0
    },
    "P366":{
        "precision":0.2941176471,
        "recall":0.25,
        "f1-score":0.2702702703,
        "support":20.0
    },
    "P460":{
        "precision":0.0588235294,
        "recall":0.5,
        "f1-score":0.1052631579,
        "support":2.0
    },
    "P527":{
        "precision":0.1,
        "recall":0.0909090909,
        "f1-score":0.0952380952,
        "support":11.0
    },
    "accuracy":{
        "precision":0.16,
        "recall":0.16,
        "f1-score":0.16,
        "support":0.16
    },
    "macro avg":{
        "precision":0.1167899638,
        "recall":0.168037518,
        "f1-score":0.1217376943,
        "support":100.0
    },
    "weighted avg":{
        "precision":0.1507435897,
        "recall":0.16,
        "f1-score":0.1501169892,
        "support":100.0
    }
}