{
    "P1552":{
        "precision":0.0,
        "recall":0.0,
        "f1-score":0.0,
        "support":8.0
    },
    "P1889":{
        "precision":0.0,
        "recall":0.0,
        "f1-score":0.0,
        "support":10.0
    },
    "P2283":{
        "precision":0.25,
        "recall":0.3571428571,
        "f1-score":0.2941176471,
        "support":14.0
    },
    "P279":{
        "precision":0.125,
        "recall":0.3,
        "f1-score":0.1764705882,
        "support":10.0
    },
    "P31":{
        "precision":0.0,
        "recall":0.0,
        "f1-score":0.0,
        "support":14.0
    },
    "P361":{
        "precision":0.15,
        "recall":0.2727272727,
        "f1-score":0.1935483871,
        "support":11.0
    },
    "P366":{
        "precision":0.0,
        "recall":0.0,
        "f1-score":0.0,
        "support":20.0
    },
    "P460":{
        "precision":0.0,
        "recall":0.0,
        "f1-score":0.0,
        "support":2.0
    },
    "P527":{
        "precision":0.1034482759,
        "recall":0.2727272727,
        "f1-score":0.15,
        "support":11.0
    },
    "accuracy":{
        "precision":0.14,
        "recall":0.14,
        "f1-score":0.14,
        "support":0.14
    },
    "macro avg":{
        "precision":0.0698275862,
        "recall":0.1336219336,
        "f1-score":0.0904596247,
        "support":100.0
    },
    "weighted avg":{
        "precision":0.0753793103,
        "recall":0.14,
        "f1-score":0.096613852,
        "support":100.0
    }
}