{
    "P1552":{
        "precision":0.0,
        "recall":0.0,
        "f1-score":0.0,
        "support":8.0
    },
    "P1889":{
        "precision":0.0,
        "recall":0.0,
        "f1-score":0.0,
        "support":10.0
    },
    "P2283":{
        "precision":0.0,
        "recall":0.0,
        "f1-score":0.0,
        "support":14.0
    },
    "P279":{
        "precision":0.0,
        "recall":0.0,
        "f1-score":0.0,
        "support":10.0
    },
    "P31":{
        "precision":0.1746031746,
        "recall":0.7857142857,
        "f1-score":0.2857142857,
        "support":14.0
    },
    "P361":{
        "precision":0.0,
        "recall":0.0,
        "f1-score":0.0,
        "support":11.0
    },
    "P366":{
        "precision":0.6,
        "recall":0.15,
        "f1-score":0.24,
        "support":20.0
    },
    "P460":{
        "precision":0.0,
        "recall":0.0,
        "f1-score":0.0,
        "support":2.0
    },
    "P527":{
        "precision":0.1111111111,
        "recall":0.1818181818,
        "f1-score":0.1379310345,
        "support":11.0
    },
    "accuracy":{
        "precision":0.16,
        "recall":0.16,
        "f1-score":0.16,
        "support":0.16
    },
    "macro avg":{
        "precision":0.0984126984,
        "recall":0.1241702742,
        "f1-score":0.0737383689,
        "support":100.0
    },
    "weighted avg":{
        "precision":0.1566666667,
        "recall":0.16,
        "f1-score":0.1031724138,
        "support":100.0
    }
}