{
    "P1552":{
        "precision":0.0,
        "recall":0.0,
        "f1-score":0.0,
        "support":8.0
    },
    "P1889":{
        "precision":0.0,
        "recall":0.0,
        "f1-score":0.0,
        "support":10.0
    },
    "P2283":{
        "precision":0.1739130435,
        "recall":0.2857142857,
        "f1-score":0.2162162162,
        "support":14.0
    },
    "P279":{
        "precision":0.0,
        "recall":0.0,
        "f1-score":0.0,
        "support":10.0
    },
    "P31":{
        "precision":0.1666666667,
        "recall":0.0714285714,
        "f1-score":0.1,
        "support":14.0
    },
    "P361":{
        "precision":0.2105263158,
        "recall":0.3636363636,
        "f1-score":0.2666666667,
        "support":11.0
    },
    "P366":{
        "precision":0.125,
        "recall":0.05,
        "f1-score":0.0714285714,
        "support":20.0
    },
    "P460":{
        "precision":0.0,
        "recall":0.0,
        "f1-score":0.0,
        "support":2.0
    },
    "P527":{
        "precision":0.0,
        "recall":0.0,
        "f1-score":0.0,
        "support":11.0
    },
    "accuracy":{
        "precision":0.1,
        "recall":0.1,
        "f1-score":0.1,
        "support":0.1
    },
    "macro avg":{
        "precision":0.0751228918,
        "recall":0.0856421356,
        "f1-score":0.0727012727,
        "support":100.0
    },
    "weighted avg":{
        "precision":0.0958390542,
        "recall":0.1,
        "f1-score":0.0878893179,
        "support":100.0
    }
}