{
    "P1552":{
        "precision":0.0,
        "recall":0.0,
        "f1-score":0.0,
        "support":8.0
    },
    "P1889":{
        "precision":0.1666666667,
        "recall":0.2,
        "f1-score":0.1818181818,
        "support":10.0
    },
    "P2283":{
        "precision":0.4444444444,
        "recall":0.2857142857,
        "f1-score":0.347826087,
        "support":14.0
    },
    "P279":{
        "precision":0.125,
        "recall":0.1,
        "f1-score":0.1111111111,
        "support":10.0
    },
    "P31":{
        "precision":0.0952380952,
        "recall":0.1428571429,
        "f1-score":0.1142857143,
        "support":14.0
    },
    "P361":{
        "precision":0.4444444444,
        "recall":0.3636363636,
        "f1-score":0.4,
        "support":11.0
    },
    "P366":{
        "precision":0.24,
        "recall":0.3,
        "f1-score":0.2666666667,
        "support":20.0
    },
    "P460":{
        "precision":0.0,
        "recall":0.0,
        "f1-score":0.0,
        "support":2.0
    },
    "P527":{
        "precision":0.1538461538,
        "recall":0.1818181818,
        "f1-score":0.1666666667,
        "support":11.0
    },
    "accuracy":{
        "precision":0.21,
        "recall":0.21,
        "f1-score":0.21,
        "support":0.21
    },
    "macro avg":{
        "precision":0.1855155338,
        "recall":0.1748917749,
        "f1-score":0.1764860475,
        "support":100.0
    },
    "weighted avg":{
        "precision":0.218534188,
        "recall":0.21,
        "f1-score":0.2096552481,
        "support":100.0
    }
}