{
    "P1552":{
        "precision":0.0,
        "recall":0.0,
        "f1-score":0.0,
        "support":8.0
    },
    "P1889":{
        "precision":0.0,
        "recall":0.0,
        "f1-score":0.0,
        "support":10.0
    },
    "P2283":{
        "precision":0.4285714286,
        "recall":0.2142857143,
        "f1-score":0.2857142857,
        "support":14.0
    },
    "P279":{
        "precision":0.1875,
        "recall":0.3,
        "f1-score":0.2307692308,
        "support":10.0
    },
    "P31":{
        "precision":0.2105263158,
        "recall":0.2857142857,
        "f1-score":0.2424242424,
        "support":14.0
    },
    "P361":{
        "precision":0.2,
        "recall":0.2727272727,
        "f1-score":0.2307692308,
        "support":11.0
    },
    "P366":{
        "precision":0.1538461538,
        "recall":0.2,
        "f1-score":0.1739130435,
        "support":20.0
    },
    "P460":{
        "precision":0.0,
        "recall":0.0,
        "f1-score":0.0,
        "support":2.0
    },
    "P527":{
        "precision":0.1428571429,
        "recall":0.0909090909,
        "f1-score":0.1111111111,
        "support":11.0
    },
    "accuracy":{
        "precision":0.18,
        "recall":0.18,
        "f1-score":0.18,
        "support":0.18
    },
    "macro avg":{
        "precision":0.147033449,
        "recall":0.1515151515,
        "f1-score":0.1416334605,
        "support":100.0
    },
    "weighted avg":{
        "precision":0.1767072007,
        "recall":0.18,
        "f1-score":0.1694057633,
        "support":100.0
    }
}