{
    "P1552":{
        "precision":0.0,
        "recall":0.0,
        "f1-score":0.0,
        "support":8.0
    },
    "P1889":{
        "precision":0.0909090909,
        "recall":0.1,
        "f1-score":0.0952380952,
        "support":10.0
    },
    "P2283":{
        "precision":0.5,
        "recall":0.1428571429,
        "f1-score":0.2222222222,
        "support":14.0
    },
    "P279":{
        "precision":0.1,
        "recall":0.2,
        "f1-score":0.1333333333,
        "support":10.0
    },
    "P31":{
        "precision":0.3333333333,
        "recall":0.5,
        "f1-score":0.4,
        "support":14.0
    },
    "P361":{
        "precision":0.0666666667,
        "recall":0.0909090909,
        "f1-score":0.0769230769,
        "support":11.0
    },
    "P366":{
        "precision":0.3076923077,
        "recall":0.2,
        "f1-score":0.2424242424,
        "support":20.0
    },
    "P460":{
        "precision":0.0,
        "recall":0.0,
        "f1-score":0.0,
        "support":2.0
    },
    "P527":{
        "precision":0.0833333333,
        "recall":0.0909090909,
        "f1-score":0.0869565217,
        "support":11.0
    },
    "accuracy":{
        "precision":0.18,
        "recall":0.18,
        "f1-score":0.18,
        "support":0.18
    },
    "macro avg":{
        "precision":0.1646594147,
        "recall":0.1471861472,
        "f1-score":0.1396774991,
        "support":100.0
    },
    "weighted avg":{
        "precision":0.2137960373,
        "recall":0.18,
        "f1-score":0.1764798583,
        "support":100.0
    }
}