{
    "P1552":{
        "precision":0.0,
        "recall":0.0,
        "f1-score":0.0,
        "support":8.0
    },
    "P1889":{
        "precision":0.2380952381,
        "recall":0.5,
        "f1-score":0.3225806452,
        "support":10.0
    },
    "P2283":{
        "precision":0.0,
        "recall":0.0,
        "f1-score":0.0,
        "support":14.0
    },
    "P279":{
        "precision":0.25,
        "recall":0.1,
        "f1-score":0.1428571429,
        "support":10.0
    },
    "P31":{
        "precision":0.1627906977,
        "recall":0.5,
        "f1-score":0.2456140351,
        "support":14.0
    },
    "P361":{
        "precision":0.0769230769,
        "recall":0.0909090909,
        "f1-score":0.0833333333,
        "support":11.0
    },
    "P366":{
        "precision":0.6666666667,
        "recall":0.2,
        "f1-score":0.3076923077,
        "support":20.0
    },
    "P460":{
        "precision":0.0,
        "recall":0.0,
        "f1-score":0.0,
        "support":2.0
    },
    "P527":{
        "precision":0.125,
        "recall":0.0909090909,
        "f1-score":0.1052631579,
        "support":11.0
    },
    "accuracy":{
        "precision":0.19,
        "recall":0.19,
        "f1-score":0.19,
        "support":0.19
    },
    "macro avg":{
        "precision":0.168830631,
        "recall":0.1646464646,
        "f1-score":0.134148958,
        "support":100.0
    },
    "weighted avg":{
        "precision":0.2271450933,
        "recall":0.19,
        "f1-score":0.1632138193,
        "support":100.0
    }
}