{
    "P1552":{
        "precision":0.5,
        "recall":0.125,
        "f1-score":0.2,
        "support":8.0
    },
    "P1889":{
        "precision":0.0,
        "recall":0.0,
        "f1-score":0.0,
        "support":10.0
    },
    "P2283":{
        "precision":0.3333333333,
        "recall":0.1428571429,
        "f1-score":0.2,
        "support":14.0
    },
    "P279":{
        "precision":0.1428571429,
        "recall":0.1,
        "f1-score":0.1176470588,
        "support":10.0
    },
    "P31":{
        "precision":0.243902439,
        "recall":0.7142857143,
        "f1-score":0.3636363636,
        "support":14.0
    },
    "P361":{
        "precision":0.0,
        "recall":0.0,
        "f1-score":0.0,
        "support":11.0
    },
    "P366":{
        "precision":0.3684210526,
        "recall":0.35,
        "f1-score":0.358974359,
        "support":20.0
    },
    "P460":{
        "precision":0.0,
        "recall":0.0,
        "f1-score":0.0,
        "support":2.0
    },
    "P527":{
        "precision":0.5,
        "recall":0.1818181818,
        "f1-score":0.2666666667,
        "support":11.0
    },
    "accuracy":{
        "precision":0.23,
        "recall":0.23,
        "f1-score":0.23,
        "support":0.23
    },
    "macro avg":{
        "precision":0.2320571075,
        "recall":0.1793290043,
        "f1-score":0.1674360498,
        "support":100.0
    },
    "weighted avg":{
        "precision":0.2637829329,
        "recall":0.23,
        "f1-score":0.2078020019,
        "support":100.0
    }
}