{
    "P1552":{
        "precision":0.0,
        "recall":0.0,
        "f1-score":0.0,
        "support":8.0
    },
    "P1889":{
        "precision":0.1111111111,
        "recall":0.1,
        "f1-score":0.1052631579,
        "support":10.0
    },
    "P2283":{
        "precision":0.1578947368,
        "recall":0.2142857143,
        "f1-score":0.1818181818,
        "support":14.0
    },
    "P279":{
        "precision":0.0,
        "recall":0.0,
        "f1-score":0.0,
        "support":10.0
    },
    "P31":{
        "precision":0.2857142857,
        "recall":0.4285714286,
        "f1-score":0.3428571429,
        "support":14.0
    },
    "P361":{
        "precision":0.0,
        "recall":0.0,
        "f1-score":0.0,
        "support":11.0
    },
    "P366":{
        "precision":0.0,
        "recall":0.0,
        "f1-score":0.0,
        "support":20.0
    },
    "P460":{
        "precision":0.0,
        "recall":0.0,
        "f1-score":0.0,
        "support":2.0
    },
    "P527":{
        "precision":0.1224489796,
        "recall":0.5454545455,
        "f1-score":0.2,
        "support":11.0
    },
    "accuracy":{
        "precision":0.16,
        "recall":0.16,
        "f1-score":0.16,
        "support":0.16
    },
    "macro avg":{
        "precision":0.0752410126,
        "recall":0.1431457431,
        "f1-score":0.092215387,
        "support":100.0
    },
    "weighted avg":{
        "precision":0.086685762,
        "recall":0.16,
        "f1-score":0.1059808612,
        "support":100.0
    }
}