{
    "P1552":{
        "precision":0.0,
        "recall":0.0,
        "f1-score":0.0,
        "support":8.0
    },
    "P1889":{
        "precision":0.1818181818,
        "recall":0.2,
        "f1-score":0.1904761905,
        "support":10.0
    },
    "P2283":{
        "precision":0.0,
        "recall":0.0,
        "f1-score":0.0,
        "support":14.0
    },
    "P279":{
        "precision":0.0434782609,
        "recall":0.1,
        "f1-score":0.0606060606,
        "support":10.0
    },
    "P31":{
        "precision":0.1538461538,
        "recall":0.1428571429,
        "f1-score":0.1481481481,
        "support":14.0
    },
    "P361":{
        "precision":0.0,
        "recall":0.0,
        "f1-score":0.0,
        "support":11.0
    },
    "P366":{
        "precision":0.6,
        "recall":0.15,
        "f1-score":0.24,
        "support":20.0
    },
    "P460":{
        "precision":0.0,
        "recall":0.0,
        "f1-score":0.0,
        "support":2.0
    },
    "P527":{
        "precision":0.0909090909,
        "recall":0.1818181818,
        "f1-score":0.1212121212,
        "support":11.0
    },
    "accuracy":{
        "precision":0.1,
        "recall":0.1,
        "f1-score":0.1,
        "support":0.1
    },
    "macro avg":{
        "precision":0.1188946319,
        "recall":0.0860750361,
        "f1-score":0.0844936134,
        "support":100.0
    },
    "weighted avg":{
        "precision":0.1740681058,
        "recall":0.1,
        "f1-score":0.1071822992,
        "support":100.0
    }
}