{
    "P1552":{
        "precision":0.0,
        "recall":0.0,
        "f1-score":0.0,
        "support":8.0
    },
    "P1889":{
        "precision":0.0,
        "recall":0.0,
        "f1-score":0.0,
        "support":10.0
    },
    "P2283":{
        "precision":0.5,
        "recall":0.0714285714,
        "f1-score":0.125,
        "support":14.0
    },
    "P279":{
        "precision":0.2,
        "recall":0.1,
        "f1-score":0.1333333333,
        "support":10.0
    },
    "P31":{
        "precision":0.175,
        "recall":0.5,
        "f1-score":0.2592592593,
        "support":14.0
    },
    "P361":{
        "precision":0.2142857143,
        "recall":0.2727272727,
        "f1-score":0.24,
        "support":11.0
    },
    "P366":{
        "precision":0.4285714286,
        "recall":0.15,
        "f1-score":0.2222222222,
        "support":20.0
    },
    "P460":{
        "precision":0.0,
        "recall":0.0,
        "f1-score":0.0,
        "support":2.0
    },
    "P527":{
        "precision":0.0,
        "recall":0.0,
        "f1-score":0.0,
        "support":11.0
    },
    "accuracy":{
        "precision":0.15,
        "recall":0.15,
        "f1-score":0.15,
        "support":0.15
    },
    "macro avg":{
        "precision":0.1686507937,
        "recall":0.1215728716,
        "f1-score":0.1088683128,
        "support":100.0
    },
    "weighted avg":{
        "precision":0.2237857143,
        "recall":0.15,
        "f1-score":0.1379740741,
        "support":100.0
    }
}