{
    "P1552":{
        "precision":0.0,
        "recall":0.0,
        "f1-score":0.0,
        "support":8.0
    },
    "P1889":{
        "precision":0.0,
        "recall":0.0,
        "f1-score":0.0,
        "support":10.0
    },
    "P2283":{
        "precision":0.1363636364,
        "recall":0.2142857143,
        "f1-score":0.1666666667,
        "support":14.0
    },
    "P279":{
        "precision":0.2857142857,
        "recall":0.2,
        "f1-score":0.2352941176,
        "support":10.0
    },
    "P31":{
        "precision":0.1333333333,
        "recall":0.1428571429,
        "f1-score":0.1379310345,
        "support":14.0
    },
    "P361":{
        "precision":0.1724137931,
        "recall":0.4545454545,
        "f1-score":0.25,
        "support":11.0
    },
    "P366":{
        "precision":0.5,
        "recall":0.05,
        "f1-score":0.0909090909,
        "support":20.0
    },
    "P460":{
        "precision":0.0,
        "recall":0.0,
        "f1-score":0.0,
        "support":2.0
    },
    "P527":{
        "precision":0.05,
        "recall":0.0909090909,
        "f1-score":0.064516129,
        "support":11.0
    },
    "accuracy":{
        "precision":0.14,
        "recall":0.14,
        "f1-score":0.14,
        "support":0.14
    },
    "macro avg":{
        "precision":0.1419805609,
        "recall":0.1280663781,
        "f1-score":0.1050352265,
        "support":100.0
    },
    "weighted avg":{
        "precision":0.1907945216,
        "recall":0.14,
        "f1-score":0.1189516823,
        "support":100.0
    }
}