{
    "P1552":{
        "precision":0.2,
        "recall":0.125,
        "f1-score":0.1538461538,
        "support":8.0
    },
    "P1889":{
        "precision":0.0,
        "recall":0.0,
        "f1-score":0.0,
        "support":10.0
    },
    "P2283":{
        "precision":0.4285714286,
        "recall":0.2142857143,
        "f1-score":0.2857142857,
        "support":14.0
    },
    "P279":{
        "precision":0.0,
        "recall":0.0,
        "f1-score":0.0,
        "support":10.0
    },
    "P31":{
        "precision":0.28,
        "recall":0.5,
        "f1-score":0.358974359,
        "support":14.0
    },
    "P361":{
        "precision":0.0,
        "recall":0.0,
        "f1-score":0.0,
        "support":11.0
    },
    "P366":{
        "precision":0.6,
        "recall":0.15,
        "f1-score":0.24,
        "support":20.0
    },
    "P460":{
        "precision":0.1666666667,
        "recall":0.5,
        "f1-score":0.25,
        "support":2.0
    },
    "P527":{
        "precision":0.0625,
        "recall":0.1818181818,
        "f1-score":0.0930232558,
        "support":11.0
    },
    "accuracy":{
        "precision":0.17,
        "recall":0.17,
        "f1-score":0.17,
        "support":0.17
    },
    "macro avg":{
        "precision":0.1930820106,
        "recall":0.1856782107,
        "f1-score":0.1535064505,
        "support":100.0
    },
    "weighted avg":{
        "precision":0.2454083333,
        "recall":0.17,
        "f1-score":0.1657966607,
        "support":100.0
    }
}