{
    "P1552":{
        "precision":0.0,
        "recall":0.0,
        "f1-score":0.0,
        "support":8.0
    },
    "P1889":{
        "precision":0.1666666667,
        "recall":0.1,
        "f1-score":0.125,
        "support":10.0
    },
    "P2283":{
        "precision":0.25,
        "recall":0.0714285714,
        "f1-score":0.1111111111,
        "support":14.0
    },
    "P279":{
        "precision":0.1333333333,
        "recall":0.2,
        "f1-score":0.16,
        "support":10.0
    },
    "P31":{
        "precision":0.2424242424,
        "recall":0.5714285714,
        "f1-score":0.3404255319,
        "support":14.0
    },
    "P361":{
        "precision":0.2142857143,
        "recall":0.2727272727,
        "f1-score":0.24,
        "support":11.0
    },
    "P366":{
        "precision":0.2,
        "recall":0.1,
        "f1-score":0.1333333333,
        "support":20.0
    },
    "P460":{
        "precision":0.0,
        "recall":0.0,
        "f1-score":0.0,
        "support":2.0
    },
    "P527":{
        "precision":0.0909090909,
        "recall":0.0909090909,
        "f1-score":0.0909090909,
        "support":11.0
    },
    "accuracy":{
        "precision":0.18,
        "recall":0.18,
        "f1-score":0.18,
        "support":0.18
    },
    "macro avg":{
        "precision":0.1441798942,
        "recall":0.1562770563,
        "f1-score":0.1334198964,
        "support":100.0
    },
    "weighted avg":{
        "precision":0.1725108225,
        "recall":0.18,
        "f1-score":0.1547817967,
        "support":100.0
    }
}