{
    "P1552":{
        "precision":0.2,
        "recall":0.125,
        "f1-score":0.1538461538,
        "support":8.0
    },
    "P1889":{
        "precision":0.0,
        "recall":0.0,
        "f1-score":0.0,
        "support":10.0
    },
    "P2283":{
        "precision":0.125,
        "recall":0.0714285714,
        "f1-score":0.0909090909,
        "support":14.0
    },
    "P279":{
        "precision":0.2857142857,
        "recall":0.2,
        "f1-score":0.2352941176,
        "support":10.0
    },
    "P31":{
        "precision":0.3333333333,
        "recall":0.5,
        "f1-score":0.4,
        "support":14.0
    },
    "P361":{
        "precision":0.1034482759,
        "recall":0.2727272727,
        "f1-score":0.15,
        "support":11.0
    },
    "P366":{
        "precision":0.4285714286,
        "recall":0.3,
        "f1-score":0.3529411765,
        "support":20.0
    },
    "P460":{
        "precision":0.0,
        "recall":0.0,
        "f1-score":0.0,
        "support":2.0
    },
    "P527":{
        "precision":0.0,
        "recall":0.0,
        "f1-score":0.0,
        "support":11.0
    },
    "accuracy":{
        "precision":0.2,
        "recall":0.2,
        "f1-score":0.2,
        "support":0.2
    },
    "macro avg":{
        "precision":0.1640074804,
        "recall":0.1632395382,
        "f1-score":0.1536656154,
        "support":100.0
    },
    "weighted avg":{
        "precision":0.2058316913,
        "recall":0.2,
        "f1-score":0.1916526121,
        "support":100.0
    }
}