{
    "P1552":{
        "precision":0.0,
        "recall":0.0,
        "f1-score":0.0,
        "support":8.0
    },
    "P1889":{
        "precision":0.0,
        "recall":0.0,
        "f1-score":0.0,
        "support":10.0
    },
    "P2283":{
        "precision":0.1785714286,
        "recall":0.3571428571,
        "f1-score":0.2380952381,
        "support":14.0
    },
    "P279":{
        "precision":0.0909090909,
        "recall":0.1,
        "f1-score":0.0952380952,
        "support":10.0
    },
    "P31":{
        "precision":0.1923076923,
        "recall":0.3571428571,
        "f1-score":0.25,
        "support":14.0
    },
    "P361":{
        "precision":0.1666666667,
        "recall":0.1818181818,
        "f1-score":0.1739130435,
        "support":11.0
    },
    "P366":{
        "precision":0.5555555556,
        "recall":0.25,
        "f1-score":0.3448275862,
        "support":20.0
    },
    "P460":{
        "precision":0.0,
        "recall":0.0,
        "f1-score":0.0,
        "support":2.0
    },
    "P527":{
        "precision":0.1666666667,
        "recall":0.1818181818,
        "f1-score":0.1739130435,
        "support":11.0
    },
    "accuracy":{
        "precision":0.2,
        "recall":0.2,
        "f1-score":0.2,
        "support":0.2
    },
    "macro avg":{
        "precision":0.1500752334,
        "recall":0.1586580087,
        "f1-score":0.1417763341,
        "support":100.0
    },
    "weighted avg":{
        "precision":0.2087917638,
        "recall":0.2,
        "f1-score":0.1850835297,
        "support":100.0
    }
}