{
    "P1552":{
        "precision":0.0,
        "recall":0.0,
        "f1-score":0.0,
        "support":8.0
    },
    "P1889":{
        "precision":0.0,
        "recall":0.0,
        "f1-score":0.0,
        "support":10.0
    },
    "P2283":{
        "precision":0.1739130435,
        "recall":0.2857142857,
        "f1-score":0.2162162162,
        "support":14.0
    },
    "P279":{
        "precision":0.2307692308,
        "recall":0.3,
        "f1-score":0.2608695652,
        "support":10.0
    },
    "P31":{
        "precision":0.3333333333,
        "recall":0.5714285714,
        "f1-score":0.4210526316,
        "support":14.0
    },
    "P361":{
        "precision":0.0,
        "recall":0.0,
        "f1-score":0.0,
        "support":11.0
    },
    "P366":{
        "precision":0.3571428571,
        "recall":0.25,
        "f1-score":0.2941176471,
        "support":20.0
    },
    "P460":{
        "precision":0.2,
        "recall":0.5,
        "f1-score":0.2857142857,
        "support":2.0
    },
    "P527":{
        "precision":0.3,
        "recall":0.2727272727,
        "f1-score":0.2857142857,
        "support":11.0
    },
    "accuracy":{
        "precision":0.24,
        "recall":0.24,
        "f1-score":0.24,
        "support":0.24
    },
    "macro avg":{
        "precision":0.1772398294,
        "recall":0.2422077922,
        "f1-score":0.1959649591,
        "support":100.0
    },
    "weighted avg":{
        "precision":0.2025199873,
        "recall":0.24,
        "f1-score":0.2112709818,
        "support":100.0
    }
}