{
    "P1552":{
        "precision":0.1666666667,
        "recall":0.125,
        "f1-score":0.1428571429,
        "support":8.0
    },
    "P1889":{
        "precision":0.0,
        "recall":0.0,
        "f1-score":0.0,
        "support":10.0
    },
    "P2283":{
        "precision":0.4285714286,
        "recall":0.2142857143,
        "f1-score":0.2857142857,
        "support":14.0
    },
    "P279":{
        "precision":0.2,
        "recall":0.2,
        "f1-score":0.2,
        "support":10.0
    },
    "P31":{
        "precision":0.380952381,
        "recall":0.5714285714,
        "f1-score":0.4571428571,
        "support":14.0
    },
    "P361":{
        "precision":0.1304347826,
        "recall":0.2727272727,
        "f1-score":0.1764705882,
        "support":11.0
    },
    "P366":{
        "precision":0.4615384615,
        "recall":0.3,
        "f1-score":0.3636363636,
        "support":20.0
    },
    "P460":{
        "precision":0.0,
        "recall":0.0,
        "f1-score":0.0,
        "support":2.0
    },
    "P527":{
        "precision":0.125,
        "recall":0.1818181818,
        "f1-score":0.1481481481,
        "support":11.0
    },
    "accuracy":{
        "precision":0.25,
        "recall":0.25,
        "f1-score":0.25,
        "support":0.25
    },
    "macro avg":{
        "precision":0.2103515245,
        "recall":0.2072510823,
        "f1-score":0.1971077095,
        "support":100.0
    },
    "weighted avg":{
        "precision":0.2670721851,
        "recall":0.25,
        "f1-score":0.2438639052,
        "support":100.0
    }
}