{
    "P1552":{
        "precision":0.0,
        "recall":0.0,
        "f1-score":0.0,
        "support":8.0
    },
    "P1889":{
        "precision":0.0,
        "recall":0.0,
        "f1-score":0.0,
        "support":10.0
    },
    "P2283":{
        "precision":0.1428571429,
        "recall":0.0714285714,
        "f1-score":0.0952380952,
        "support":14.0
    },
    "P279":{
        "precision":0.1111111111,
        "recall":0.1,
        "f1-score":0.1052631579,
        "support":10.0
    },
    "P31":{
        "precision":0.4166666667,
        "recall":0.3571428571,
        "f1-score":0.3846153846,
        "support":14.0
    },
    "P361":{
        "precision":0.0816326531,
        "recall":0.3636363636,
        "f1-score":0.1333333333,
        "support":11.0
    },
    "P366":{
        "precision":0.2,
        "recall":0.1,
        "f1-score":0.1333333333,
        "support":20.0
    },
    "P460":{
        "precision":0.0,
        "recall":0.0,
        "f1-score":0.0,
        "support":2.0
    },
    "P527":{
        "precision":0.0,
        "recall":0.0,
        "f1-score":0.0,
        "support":11.0
    },
    "accuracy":{
        "precision":0.13,
        "recall":0.13,
        "f1-score":0.13,
        "support":0.13
    },
    "macro avg":{
        "precision":0.1058075082,
        "recall":0.1102453102,
        "f1-score":0.0946425894,
        "support":100.0
    },
    "weighted avg":{
        "precision":0.1384240363,
        "recall":0.13,
        "f1-score":0.1190391363,
        "support":100.0
    }
}