{
    "P1552":{
        "precision":0.2,
        "recall":0.125,
        "f1-score":0.1538461538,
        "support":8.0
    },
    "P1889":{
        "precision":0.25,
        "recall":0.2,
        "f1-score":0.2222222222,
        "support":10.0
    },
    "P2283":{
        "precision":0.1428571429,
        "recall":0.0714285714,
        "f1-score":0.0952380952,
        "support":14.0
    },
    "P279":{
        "precision":0.0,
        "recall":0.0,
        "f1-score":0.0,
        "support":10.0
    },
    "P31":{
        "precision":0.1818181818,
        "recall":0.1428571429,
        "f1-score":0.16,
        "support":14.0
    },
    "P361":{
        "precision":0.1333333333,
        "recall":0.3636363636,
        "f1-score":0.1951219512,
        "support":11.0
    },
    "P366":{
        "precision":0.3157894737,
        "recall":0.3,
        "f1-score":0.3076923077,
        "support":20.0
    },
    "P460":{
        "precision":0.0,
        "recall":0.0,
        "f1-score":0.0,
        "support":2.0
    },
    "P527":{
        "precision":0.125,
        "recall":0.0909090909,
        "f1-score":0.1052631579,
        "support":11.0
    },
    "accuracy":{
        "precision":0.17,
        "recall":0.17,
        "f1-score":0.17,
        "support":0.17
    },
    "macro avg":{
        "precision":0.1498664591,
        "recall":0.1437590188,
        "f1-score":0.1377093209,
        "support":100.0
    },
    "weighted avg":{
        "precision":0.1780291069,
        "recall":0.17,
        "f1-score":0.1648440714,
        "support":100.0
    }
}