{
    "P1552":{
        "precision":0.0,
        "recall":0.0,
        "f1-score":0.0,
        "support":8.0
    },
    "P1889":{
        "precision":0.0,
        "recall":0.0,
        "f1-score":0.0,
        "support":10.0
    },
    "P2283":{
        "precision":0.3333333333,
        "recall":0.4285714286,
        "f1-score":0.375,
        "support":14.0
    },
    "P279":{
        "precision":0.0909090909,
        "recall":0.1,
        "f1-score":0.0952380952,
        "support":10.0
    },
    "P31":{
        "precision":0.3529411765,
        "recall":0.4285714286,
        "f1-score":0.3870967742,
        "support":14.0
    },
    "P361":{
        "precision":0.0909090909,
        "recall":0.0909090909,
        "f1-score":0.0909090909,
        "support":11.0
    },
    "P366":{
        "precision":0.3571428571,
        "recall":0.25,
        "f1-score":0.2941176471,
        "support":20.0
    },
    "P460":{
        "precision":0.0,
        "recall":0.0,
        "f1-score":0.0,
        "support":2.0
    },
    "P527":{
        "precision":0.1818181818,
        "recall":0.1818181818,
        "f1-score":0.1818181818,
        "support":11.0
    },
    "accuracy":{
        "precision":0.21,
        "recall":0.21,
        "f1-score":0.21,
        "support":0.21
    },
    "macro avg":{
        "precision":0.1563393034,
        "recall":0.1644300144,
        "f1-score":0.1582421988,
        "support":100.0
    },
    "weighted avg":{
        "precision":0.2065979119,
        "recall":0.21,
        "f1-score":0.2050408873,
        "support":100.0
    }
}