{
    "P1552":{
        "precision":0.0,
        "recall":0.0,
        "f1-score":0.0,
        "support":8.0
    },
    "P1889":{
        "precision":0.12,
        "recall":0.3,
        "f1-score":0.1714285714,
        "support":10.0
    },
    "P2283":{
        "precision":0.5,
        "recall":0.1428571429,
        "f1-score":0.2222222222,
        "support":14.0
    },
    "P279":{
        "precision":0.1428571429,
        "recall":0.3,
        "f1-score":0.1935483871,
        "support":10.0
    },
    "P31":{
        "precision":0.2631578947,
        "recall":0.3571428571,
        "f1-score":0.303030303,
        "support":14.0
    },
    "P361":{
        "precision":0.25,
        "recall":0.0909090909,
        "f1-score":0.1333333333,
        "support":11.0
    },
    "P366":{
        "precision":0.4285714286,
        "recall":0.3,
        "f1-score":0.3529411765,
        "support":20.0
    },
    "P460":{
        "precision":0.125,
        "recall":0.5,
        "f1-score":0.2,
        "support":2.0
    },
    "P527":{
        "precision":0.0,
        "recall":0.0,
        "f1-score":0.0,
        "support":11.0
    },
    "accuracy":{
        "precision":0.21,
        "recall":0.21,
        "f1-score":0.21,
        "support":0.21
    },
    "macro avg":{
        "precision":0.2032873851,
        "recall":0.2212121212,
        "f1-score":0.1751671104,
        "support":100.0
    },
    "weighted avg":{
        "precision":0.2488421053,
        "recall":0.21,
        "f1-score":0.1992879513,
        "support":100.0
    }
}