{
    "P1552":{
        "precision":0.125,
        "recall":0.125,
        "f1-score":0.125,
        "support":8.0
    },
    "P1889":{
        "precision":0.25,
        "recall":0.1,
        "f1-score":0.1428571429,
        "support":10.0
    },
    "P2283":{
        "precision":0.6666666667,
        "recall":0.2857142857,
        "f1-score":0.4,
        "support":14.0
    },
    "P279":{
        "precision":0.0,
        "recall":0.0,
        "f1-score":0.0,
        "support":10.0
    },
    "P31":{
        "precision":0.2916666667,
        "recall":0.5,
        "f1-score":0.3684210526,
        "support":14.0
    },
    "P361":{
        "precision":0.1111111111,
        "recall":0.0909090909,
        "f1-score":0.1,
        "support":11.0
    },
    "P366":{
        "precision":0.625,
        "recall":0.25,
        "f1-score":0.3571428571,
        "support":20.0
    },
    "P460":{
        "precision":0.0,
        "recall":0.0,
        "f1-score":0.0,
        "support":2.0
    },
    "P527":{
        "precision":0.1666666667,
        "recall":0.4545454545,
        "f1-score":0.243902439,
        "support":11.0
    },
    "accuracy":{
        "precision":0.24,
        "recall":0.24,
        "f1-score":0.24,
        "support":0.24
    },
    "macro avg":{
        "precision":0.2484567901,
        "recall":0.2006854257,
        "f1-score":0.1930359435,
        "support":100.0
    },
    "weighted avg":{
        "precision":0.3247222222,
        "recall":0.24,
        "f1-score":0.2411225014,
        "support":100.0
    }
}