{
    "P1552":{
        "precision":0.0,
        "recall":0.0,
        "f1-score":0.0,
        "support":8.0
    },
    "P1889":{
        "precision":0.2222222222,
        "recall":0.2,
        "f1-score":0.2105263158,
        "support":10.0
    },
    "P2283":{
        "precision":0.2352941176,
        "recall":0.2857142857,
        "f1-score":0.2580645161,
        "support":14.0
    },
    "P279":{
        "precision":0.2,
        "recall":0.2,
        "f1-score":0.2,
        "support":10.0
    },
    "P31":{
        "precision":0.25,
        "recall":0.2857142857,
        "f1-score":0.2666666667,
        "support":14.0
    },
    "P361":{
        "precision":0.1,
        "recall":0.1818181818,
        "f1-score":0.1290322581,
        "support":11.0
    },
    "P366":{
        "precision":0.3529411765,
        "recall":0.3,
        "f1-score":0.3243243243,
        "support":20.0
    },
    "P460":{
        "precision":0.0,
        "recall":0.0,
        "f1-score":0.0,
        "support":2.0
    },
    "P527":{
        "precision":0.1,
        "recall":0.0909090909,
        "f1-score":0.0952380952,
        "support":11.0
    },
    "accuracy":{
        "precision":0.21,
        "recall":0.21,
        "f1-score":0.21,
        "support":0.21
    },
    "macro avg":{
        "precision":0.1622730574,
        "recall":0.1715728716,
        "f1-score":0.164872464,
        "support":100.0
    },
    "weighted avg":{
        "precision":0.202751634,
        "recall":0.21,
        "f1-score":0.2040496009,
        "support":100.0
    }
}