{
    "P1552":{
        "precision":0.0,
        "recall":0.0,
        "f1-score":0.0,
        "support":8.0
    },
    "P1889":{
        "precision":0.0,
        "recall":0.0,
        "f1-score":0.0,
        "support":10.0
    },
    "P2283":{
        "precision":0.2,
        "recall":0.0714285714,
        "f1-score":0.1052631579,
        "support":14.0
    },
    "P279":{
        "precision":0.1764705882,
        "recall":0.3,
        "f1-score":0.2222222222,
        "support":10.0
    },
    "P31":{
        "precision":0.25,
        "recall":0.7142857143,
        "f1-score":0.3703703704,
        "support":14.0
    },
    "P361":{
        "precision":0.2,
        "recall":0.0909090909,
        "f1-score":0.125,
        "support":11.0
    },
    "P366":{
        "precision":0.3333333333,
        "recall":0.3,
        "f1-score":0.3157894737,
        "support":20.0
    },
    "P460":{
        "precision":0.0,
        "recall":0.0,
        "f1-score":0.0,
        "support":2.0
    },
    "P527":{
        "precision":0.5,
        "recall":0.2727272727,
        "f1-score":0.3529411765,
        "support":11.0
    },
    "accuracy":{
        "precision":0.24,
        "recall":0.24,
        "f1-score":0.24,
        "support":0.24
    },
    "macro avg":{
        "precision":0.184422658,
        "recall":0.1943722944,
        "f1-score":0.1657318223,
        "support":100.0
    },
    "weighted avg":{
        "precision":0.2243137255,
        "recall":0.24,
        "f1-score":0.2045423403,
        "support":100.0
    }
}