{
    "P1552":{
        "precision":0.0,
        "recall":0.0,
        "f1-score":0.0,
        "support":8.0
    },
    "P1889":{
        "precision":0.125,
        "recall":0.1,
        "f1-score":0.1111111111,
        "support":10.0
    },
    "P2283":{
        "precision":0.0,
        "recall":0.0,
        "f1-score":0.0,
        "support":14.0
    },
    "P279":{
        "precision":0.0434782609,
        "recall":0.1,
        "f1-score":0.0606060606,
        "support":10.0
    },
    "P31":{
        "precision":0.1463414634,
        "recall":0.4285714286,
        "f1-score":0.2181818182,
        "support":14.0
    },
    "P361":{
        "precision":0.1666666667,
        "recall":0.1818181818,
        "f1-score":0.1739130435,
        "support":11.0
    },
    "P366":{
        "precision":0.2,
        "recall":0.05,
        "f1-score":0.08,
        "support":20.0
    },
    "P460":{
        "precision":0.1666666667,
        "recall":0.5,
        "f1-score":0.25,
        "support":2.0
    },
    "P527":{
        "precision":0.25,
        "recall":0.0909090909,
        "f1-score":0.1333333333,
        "support":11.0
    },
    "accuracy":{
        "precision":0.13,
        "recall":0.13,
        "f1-score":0.13,
        "support":0.13
    },
    "macro avg":{
        "precision":0.1220170064,
        "recall":0.1612554113,
        "f1-score":0.114127263,
        "support":100.0
    },
    "weighted avg":{
        "precision":0.1265022976,
        "recall":0.13,
        "f1-score":0.1025142732,
        "support":100.0
    }
}