{
    "P1552":{
        "precision":0.0,
        "recall":0.0,
        "f1-score":0.0,
        "support":8.0
    },
    "P1889":{
        "precision":0.0,
        "recall":0.0,
        "f1-score":0.0,
        "support":10.0
    },
    "P2283":{
        "precision":0.4285714286,
        "recall":0.2142857143,
        "f1-score":0.2857142857,
        "support":14.0
    },
    "P279":{
        "precision":0.1538461538,
        "recall":0.2,
        "f1-score":0.1739130435,
        "support":10.0
    },
    "P31":{
        "precision":0.32,
        "recall":0.5714285714,
        "f1-score":0.4102564103,
        "support":14.0
    },
    "P361":{
        "precision":0.1666666667,
        "recall":0.1818181818,
        "f1-score":0.1739130435,
        "support":11.0
    },
    "P366":{
        "precision":0.2692307692,
        "recall":0.35,
        "f1-score":0.3043478261,
        "support":20.0
    },
    "P460":{
        "precision":0.5,
        "recall":0.5,
        "f1-score":0.5,
        "support":2.0
    },
    "P527":{
        "precision":0.0,
        "recall":0.0,
        "f1-score":0.0,
        "support":11.0
    },
    "accuracy":{
        "precision":0.23,
        "recall":0.23,
        "f1-score":0.23,
        "support":0.23
    },
    "macro avg":{
        "precision":0.2042572243,
        "recall":0.2241702742,
        "f1-score":0.205349401,
        "support":100.0
    },
    "weighted avg":{
        "precision":0.2023641026,
        "recall":0.23,
        "f1-score":0.2048272018,
        "support":100.0
    }
}