{
    "P1552":{
        "precision":0.0,
        "recall":0.0,
        "f1-score":0.0,
        "support":8.0
    },
    "P1889":{
        "precision":0.1428571429,
        "recall":0.1,
        "f1-score":0.1176470588,
        "support":10.0
    },
    "P2283":{
        "precision":0.0,
        "recall":0.0,
        "f1-score":0.0,
        "support":14.0
    },
    "P279":{
        "precision":0.0952380952,
        "recall":0.2,
        "f1-score":0.1290322581,
        "support":10.0
    },
    "P31":{
        "precision":0.2352941176,
        "recall":0.2857142857,
        "f1-score":0.2580645161,
        "support":14.0
    },
    "P361":{
        "precision":0.0,
        "recall":0.0,
        "f1-score":0.0,
        "support":11.0
    },
    "P366":{
        "precision":0.2727272727,
        "recall":0.15,
        "f1-score":0.1935483871,
        "support":20.0
    },
    "P460":{
        "precision":0.0,
        "recall":0.0,
        "f1-score":0.0,
        "support":2.0
    },
    "P527":{
        "precision":0.1333333333,
        "recall":0.1818181818,
        "f1-score":0.1538461538,
        "support":11.0
    },
    "accuracy":{
        "precision":0.12,
        "recall":0.12,
        "f1-score":0.12,
        "support":0.12
    },
    "macro avg":{
        "precision":0.0977166624,
        "recall":0.1019480519,
        "f1-score":0.0946820416,
        "support":100.0
    },
    "weighted avg":{
        "precision":0.1259628215,
        "recall":0.12,
        "f1-score":0.1164297183,
        "support":100.0
    }
}