{
    "P1552":{
        "precision":0.0,
        "recall":0.0,
        "f1-score":0.0,
        "support":8.0
    },
    "P1889":{
        "precision":0.0769230769,
        "recall":0.1,
        "f1-score":0.0869565217,
        "support":10.0
    },
    "P2283":{
        "precision":0.3076923077,
        "recall":0.2857142857,
        "f1-score":0.2962962963,
        "support":14.0
    },
    "P279":{
        "precision":0.0,
        "recall":0.0,
        "f1-score":0.0,
        "support":10.0
    },
    "P31":{
        "precision":0.1944444444,
        "recall":0.5,
        "f1-score":0.28,
        "support":14.0
    },
    "P361":{
        "precision":0.1666666667,
        "recall":0.0909090909,
        "f1-score":0.1176470588,
        "support":11.0
    },
    "P366":{
        "precision":0.2352941176,
        "recall":0.2,
        "f1-score":0.2162162162,
        "support":20.0
    },
    "P460":{
        "precision":0.0,
        "recall":0.0,
        "f1-score":0.0,
        "support":2.0
    },
    "P527":{
        "precision":0.1111111111,
        "recall":0.0909090909,
        "f1-score":0.1,
        "support":11.0
    },
    "accuracy":{
        "precision":0.18,
        "recall":0.18,
        "f1-score":0.18,
        "support":0.18
    },
    "macro avg":{
        "precision":0.1213479694,
        "recall":0.1408369408,
        "f1-score":0.1219017881,
        "support":100.0
    },
    "weighted avg":{
        "precision":0.1556058321,
        "recall":0.18,
        "f1-score":0.1565615534,
        "support":100.0
    }
}