{
    "P1552":{
        "precision":0.0,
        "recall":0.0,
        "f1-score":0.0,
        "support":8.0
    },
    "P1889":{
        "precision":0.3333333333,
        "recall":0.1,
        "f1-score":0.1538461538,
        "support":10.0
    },
    "P2283":{
        "precision":0.5714285714,
        "recall":0.2857142857,
        "f1-score":0.380952381,
        "support":14.0
    },
    "P279":{
        "precision":0.0,
        "recall":0.0,
        "f1-score":0.0,
        "support":10.0
    },
    "P31":{
        "precision":0.2916666667,
        "recall":0.5,
        "f1-score":0.3684210526,
        "support":14.0
    },
    "P361":{
        "precision":0.0,
        "recall":0.0,
        "f1-score":0.0,
        "support":11.0
    },
    "P366":{
        "precision":0.0,
        "recall":0.0,
        "f1-score":0.0,
        "support":20.0
    },
    "P460":{
        "precision":0.0,
        "recall":0.0,
        "f1-score":0.0,
        "support":2.0
    },
    "P527":{
        "precision":0.125,
        "recall":0.4545454545,
        "f1-score":0.1960784314,
        "support":11.0
    },
    "accuracy":{
        "precision":0.17,
        "recall":0.17,
        "f1-score":0.17,
        "support":0.17
    },
    "macro avg":{
        "precision":0.1468253968,
        "recall":0.1489177489,
        "f1-score":0.1221442243,
        "support":100.0
    },
    "weighted avg":{
        "precision":0.1679166667,
        "recall":0.17,
        "f1-score":0.1418655235,
        "support":100.0
    }
}