{
    "P1552":{
        "precision":0.0,
        "recall":0.0,
        "f1-score":0.0,
        "support":8.0
    },
    "P1889":{
        "precision":0.0,
        "recall":0.0,
        "f1-score":0.0,
        "support":10.0
    },
    "P2283":{
        "precision":0.3333333333,
        "recall":0.2857142857,
        "f1-score":0.3076923077,
        "support":14.0
    },
    "P279":{
        "precision":0.2222222222,
        "recall":0.2,
        "f1-score":0.2105263158,
        "support":10.0
    },
    "P31":{
        "precision":0.25,
        "recall":0.5,
        "f1-score":0.3333333333,
        "support":14.0
    },
    "P361":{
        "precision":0.2307692308,
        "recall":0.2727272727,
        "f1-score":0.25,
        "support":11.0
    },
    "P366":{
        "precision":0.2666666667,
        "recall":0.2,
        "f1-score":0.2285714286,
        "support":20.0
    },
    "P460":{
        "precision":0.0,
        "recall":0.0,
        "f1-score":0.0,
        "support":2.0
    },
    "P527":{
        "precision":0.2,
        "recall":0.0909090909,
        "f1-score":0.125,
        "support":11.0
    },
    "accuracy":{
        "precision":0.21,
        "recall":0.21,
        "f1-score":0.21,
        "support":0.21
    },
    "macro avg":{
        "precision":0.1669990503,
        "recall":0.1721500722,
        "f1-score":0.1616803762,
        "support":100.0
    },
    "weighted avg":{
        "precision":0.2046068376,
        "recall":0.21,
        "f1-score":0.197760507,
        "support":100.0
    }
}