{
    "P1552":{
        "precision":0.0,
        "recall":0.0,
        "f1-score":0.0,
        "support":8.0
    },
    "P1889":{
        "precision":0.0,
        "recall":0.0,
        "f1-score":0.0,
        "support":10.0
    },
    "P2283":{
        "precision":0.2222222222,
        "recall":0.5714285714,
        "f1-score":0.32,
        "support":14.0
    },
    "P279":{
        "precision":0.1666666667,
        "recall":0.2,
        "f1-score":0.1818181818,
        "support":10.0
    },
    "P31":{
        "precision":0.125,
        "recall":0.2142857143,
        "f1-score":0.1578947368,
        "support":14.0
    },
    "P361":{
        "precision":0.0,
        "recall":0.0,
        "f1-score":0.0,
        "support":11.0
    },
    "P366":{
        "precision":0.5,
        "recall":0.2,
        "f1-score":0.2857142857,
        "support":20.0
    },
    "P460":{
        "precision":0.0,
        "recall":0.0,
        "f1-score":0.0,
        "support":2.0
    },
    "P527":{
        "precision":0.0,
        "recall":0.0,
        "f1-score":0.0,
        "support":11.0
    },
    "accuracy":{
        "precision":0.17,
        "recall":0.17,
        "f1-score":0.17,
        "support":0.17
    },
    "macro avg":{
        "precision":0.112654321,
        "recall":0.1317460317,
        "f1-score":0.1050474672,
        "support":100.0
    },
    "weighted avg":{
        "precision":0.1652777778,
        "recall":0.17,
        "f1-score":0.1422299385,
        "support":100.0
    }
}