{
    "P1552":{
        "precision":0.0,
        "recall":0.0,
        "f1-score":0.0,
        "support":8.0
    },
    "P1889":{
        "precision":0.0,
        "recall":0.0,
        "f1-score":0.0,
        "support":10.0
    },
    "P2283":{
        "precision":0.2222222222,
        "recall":0.4285714286,
        "f1-score":0.2926829268,
        "support":14.0
    },
    "P279":{
        "precision":0.0,
        "recall":0.0,
        "f1-score":0.0,
        "support":10.0
    },
    "P31":{
        "precision":0.2244897959,
        "recall":0.7857142857,
        "f1-score":0.3492063492,
        "support":14.0
    },
    "P361":{
        "precision":0.4,
        "recall":0.1818181818,
        "f1-score":0.25,
        "support":11.0
    },
    "P366":{
        "precision":0.0,
        "recall":0.0,
        "f1-score":0.0,
        "support":20.0
    },
    "P460":{
        "precision":0.0,
        "recall":0.0,
        "f1-score":0.0,
        "support":2.0
    },
    "P527":{
        "precision":0.0,
        "recall":0.0,
        "f1-score":0.0,
        "support":11.0
    },
    "accuracy":{
        "precision":0.19,
        "recall":0.19,
        "f1-score":0.19,
        "support":0.19
    },
    "macro avg":{
        "precision":0.0940791131,
        "recall":0.1551226551,
        "f1-score":0.0990988084,
        "support":100.0
    },
    "weighted avg":{
        "precision":0.1065396825,
        "recall":0.19,
        "f1-score":0.1173644986,
        "support":100.0
    }
}