{
    "P1552":{
        "precision":0.0,
        "recall":0.0,
        "f1-score":0.0,
        "support":8.0
    },
    "P1889":{
        "precision":0.0,
        "recall":0.0,
        "f1-score":0.0,
        "support":10.0
    },
    "P2283":{
        "precision":0.5,
        "recall":0.1428571429,
        "f1-score":0.2222222222,
        "support":14.0
    },
    "P279":{
        "precision":0.0909090909,
        "recall":0.1,
        "f1-score":0.0952380952,
        "support":10.0
    },
    "P31":{
        "precision":0.25,
        "recall":0.2857142857,
        "f1-score":0.2666666667,
        "support":14.0
    },
    "P361":{
        "precision":0.25,
        "recall":0.3636363636,
        "f1-score":0.2962962963,
        "support":11.0
    },
    "P366":{
        "precision":0.3571428571,
        "recall":0.5,
        "f1-score":0.4166666667,
        "support":20.0
    },
    "P460":{
        "precision":0.0,
        "recall":0.0,
        "f1-score":0.0,
        "support":2.0
    },
    "P527":{
        "precision":0.15,
        "recall":0.2727272727,
        "f1-score":0.1935483871,
        "support":11.0
    },
    "accuracy":{
        "precision":0.24,
        "recall":0.24,
        "f1-score":0.24,
        "support":0.24
    },
    "macro avg":{
        "precision":0.1775613276,
        "recall":0.184992785,
        "f1-score":0.1656264816,
        "support":100.0
    },
    "weighted avg":{
        "precision":0.2295194805,
        "recall":0.24,
        "f1-score":0.2151845025,
        "support":100.0
    }
}