{
    "P1552":{
        "precision":0.0,
        "recall":0.0,
        "f1-score":0.0,
        "support":8.0
    },
    "P1889":{
        "precision":0.0,
        "recall":0.0,
        "f1-score":0.0,
        "support":10.0
    },
    "P2283":{
        "precision":0.1379310345,
        "recall":0.2857142857,
        "f1-score":0.1860465116,
        "support":14.0
    },
    "P279":{
        "precision":0.0476190476,
        "recall":0.1,
        "f1-score":0.064516129,
        "support":10.0
    },
    "P31":{
        "precision":0.2222222222,
        "recall":0.4285714286,
        "f1-score":0.2926829268,
        "support":14.0
    },
    "P361":{
        "precision":0.0909090909,
        "recall":0.0909090909,
        "f1-score":0.0909090909,
        "support":11.0
    },
    "P366":{
        "precision":0.1428571429,
        "recall":0.05,
        "f1-score":0.0740740741,
        "support":20.0
    },
    "P460":{
        "precision":0.0,
        "recall":0.0,
        "f1-score":0.0,
        "support":2.0
    },
    "P527":{
        "precision":0.0,
        "recall":0.0,
        "f1-score":0.0,
        "support":11.0
    },
    "accuracy":{
        "precision":0.13,
        "recall":0.13,
        "f1-score":0.13,
        "support":0.13
    },
    "macro avg":{
        "precision":0.0712820598,
        "recall":0.1061327561,
        "f1-score":0.0786920814,
        "support":100.0
    },
    "weighted avg":{
        "precision":0.0937547893,
        "recall":0.13,
        "f1-score":0.0982885491,
        "support":100.0
    }
}