{
    "P1552":{
        "precision":0.0,
        "recall":0.0,
        "f1-score":0.0,
        "support":8.0
    },
    "P1889":{
        "precision":0.0,
        "recall":0.0,
        "f1-score":0.0,
        "support":10.0
    },
    "P2283":{
        "precision":0.4285714286,
        "recall":0.4285714286,
        "f1-score":0.4285714286,
        "support":14.0
    },
    "P279":{
        "precision":0.0833333333,
        "recall":0.1,
        "f1-score":0.0909090909,
        "support":10.0
    },
    "P31":{
        "precision":0.2,
        "recall":0.2142857143,
        "f1-score":0.2068965517,
        "support":14.0
    },
    "P361":{
        "precision":0.0,
        "recall":0.0,
        "f1-score":0.0,
        "support":11.0
    },
    "P366":{
        "precision":0.3076923077,
        "recall":0.6,
        "f1-score":0.406779661,
        "support":20.0
    },
    "P460":{
        "precision":0.0,
        "recall":0.0,
        "f1-score":0.0,
        "support":2.0
    },
    "P527":{
        "precision":0.0,
        "recall":0.0,
        "f1-score":0.0,
        "support":11.0
    },
    "accuracy":{
        "precision":0.22,
        "recall":0.22,
        "f1-score":0.22,
        "support":0.22
    },
    "macro avg":{
        "precision":0.1132885633,
        "recall":0.1492063492,
        "f1-score":0.1259063036,
        "support":100.0
    },
    "weighted avg":{
        "precision":0.1578717949,
        "recall":0.22,
        "f1-score":0.1794123585,
        "support":100.0
    }
}