{
    "P1552":{
        "precision":0.0,
        "recall":0.0,
        "f1-score":0.0,
        "support":8.0
    },
    "P1889":{
        "precision":0.0,
        "recall":0.0,
        "f1-score":0.0,
        "support":10.0
    },
    "P2283":{
        "precision":0.3333333333,
        "recall":0.1428571429,
        "f1-score":0.2,
        "support":14.0
    },
    "P279":{
        "precision":0.1071428571,
        "recall":0.3,
        "f1-score":0.1578947368,
        "support":10.0
    },
    "P31":{
        "precision":0.1666666667,
        "recall":0.0714285714,
        "f1-score":0.1,
        "support":14.0
    },
    "P361":{
        "precision":0.0,
        "recall":0.0,
        "f1-score":0.0,
        "support":11.0
    },
    "P366":{
        "precision":1.0,
        "recall":0.1,
        "f1-score":0.1818181818,
        "support":20.0
    },
    "P460":{
        "precision":0.0,
        "recall":0.0,
        "f1-score":0.0,
        "support":2.0
    },
    "P527":{
        "precision":0.0930232558,
        "recall":0.3636363636,
        "f1-score":0.1481481481,
        "support":11.0
    },
    "accuracy":{
        "precision":0.12,
        "recall":0.12,
        "f1-score":0.12,
        "support":0.12
    },
    "macro avg":{
        "precision":0.1889073459,
        "recall":0.1086580087,
        "f1-score":0.0875401185,
        "support":100.0
    },
    "weighted avg":{
        "precision":0.2909468439,
        "recall":0.12,
        "f1-score":0.1104494063,
        "support":100.0
    }
}