{
    "P1552":{
        "precision":0.0,
        "recall":0.0,
        "f1-score":0.0,
        "support":8.0
    },
    "P1889":{
        "precision":0.0,
        "recall":0.0,
        "f1-score":0.0,
        "support":10.0
    },
    "P2283":{
        "precision":0.25,
        "recall":0.2142857143,
        "f1-score":0.2307692308,
        "support":14.0
    },
    "P279":{
        "precision":0.1818181818,
        "recall":0.2,
        "f1-score":0.1904761905,
        "support":10.0
    },
    "P31":{
        "precision":0.4,
        "recall":0.4285714286,
        "f1-score":0.4137931034,
        "support":14.0
    },
    "P361":{
        "precision":0.0909090909,
        "recall":0.0909090909,
        "f1-score":0.0909090909,
        "support":11.0
    },
    "P366":{
        "precision":0.5,
        "recall":0.35,
        "f1-score":0.4117647059,
        "support":20.0
    },
    "P460":{
        "precision":0.25,
        "recall":0.5,
        "f1-score":0.3333333333,
        "support":2.0
    },
    "P527":{
        "precision":0.1428571429,
        "recall":0.2727272727,
        "f1-score":0.1875,
        "support":11.0
    },
    "accuracy":{
        "precision":0.23,
        "recall":0.23,
        "f1-score":0.23,
        "support":0.23
    },
    "macro avg":{
        "precision":0.2017316017,
        "recall":0.2284992785,
        "f1-score":0.2065050728,
        "support":100.0
    },
    "weighted avg":{
        "precision":0.2398961039,
        "recall":0.23,
        "f1-score":0.2289309537,
        "support":100.0
    }
}