{
    "P1552":{
        "precision":0.0,
        "recall":0.0,
        "f1-score":0.0,
        "support":8.0
    },
    "P1889":{
        "precision":0.1666666667,
        "recall":0.1,
        "f1-score":0.125,
        "support":10.0
    },
    "P2283":{
        "precision":0.5,
        "recall":0.0714285714,
        "f1-score":0.125,
        "support":14.0
    },
    "P279":{
        "precision":0.0769230769,
        "recall":0.1,
        "f1-score":0.0869565217,
        "support":10.0
    },
    "P31":{
        "precision":0.2333333333,
        "recall":0.5,
        "f1-score":0.3181818182,
        "support":14.0
    },
    "P361":{
        "precision":0.1111111111,
        "recall":0.1818181818,
        "f1-score":0.1379310345,
        "support":11.0
    },
    "P366":{
        "precision":0.3333333333,
        "recall":0.15,
        "f1-score":0.2068965517,
        "support":20.0
    },
    "P460":{
        "precision":0.0,
        "recall":0.0,
        "f1-score":0.0,
        "support":2.0
    },
    "P527":{
        "precision":0.1052631579,
        "recall":0.1818181818,
        "f1-score":0.1333333333,
        "support":11.0
    },
    "accuracy":{
        "precision":0.17,
        "recall":0.17,
        "f1-score":0.17,
        "support":0.17
    },
    "macro avg":{
        "precision":0.169625631,
        "recall":0.1427849928,
        "f1-score":0.1259221399,
        "support":100.0
    },
    "weighted avg":{
        "precision":0.2174934773,
        "recall":0.17,
        "f1-score":0.1544594975,
        "support":100.0
    }
}