{
    "P1552":{
        "precision":0.0,
        "recall":0.0,
        "f1-score":0.0,
        "support":8.0
    },
    "P1889":{
        "precision":0.2,
        "recall":0.1,
        "f1-score":0.1333333333,
        "support":10.0
    },
    "P2283":{
        "precision":0.4444444444,
        "recall":0.2857142857,
        "f1-score":0.347826087,
        "support":14.0
    },
    "P279":{
        "precision":0.1428571429,
        "recall":0.1,
        "f1-score":0.1176470588,
        "support":10.0
    },
    "P31":{
        "precision":0.2857142857,
        "recall":0.5714285714,
        "f1-score":0.380952381,
        "support":14.0
    },
    "P361":{
        "precision":0.1818181818,
        "recall":0.1818181818,
        "f1-score":0.1818181818,
        "support":11.0
    },
    "P366":{
        "precision":0.3,
        "recall":0.3,
        "f1-score":0.3,
        "support":20.0
    },
    "P460":{
        "precision":0.0,
        "recall":0.0,
        "f1-score":0.0,
        "support":2.0
    },
    "P527":{
        "precision":0.1666666667,
        "recall":0.2727272727,
        "f1-score":0.2068965517,
        "support":11.0
    },
    "accuracy":{
        "precision":0.25,
        "recall":0.25,
        "f1-score":0.25,
        "support":0.25
    },
    "macro avg":{
        "precision":0.1912778579,
        "recall":0.2012987013,
        "f1-score":0.1853859548,
        "support":100.0
    },
    "weighted avg":{
        "precision":0.2348412698,
        "recall":0.25,
        "f1-score":0.2298856454,
        "support":100.0
    }
}