{
    "P1552":{
        "precision":0.0,
        "recall":0.0,
        "f1-score":0.0,
        "support":8.0
    },
    "P1889":{
        "precision":0.1428571429,
        "recall":0.1,
        "f1-score":0.1176470588,
        "support":10.0
    },
    "P2283":{
        "precision":0.5,
        "recall":0.2142857143,
        "f1-score":0.3,
        "support":14.0
    },
    "P279":{
        "precision":0.0666666667,
        "recall":0.1,
        "f1-score":0.08,
        "support":10.0
    },
    "P31":{
        "precision":0.2195121951,
        "recall":0.6428571429,
        "f1-score":0.3272727273,
        "support":14.0
    },
    "P361":{
        "precision":0.0,
        "recall":0.0,
        "f1-score":0.0,
        "support":11.0
    },
    "P366":{
        "precision":0.2142857143,
        "recall":0.15,
        "f1-score":0.1764705882,
        "support":20.0
    },
    "P460":{
        "precision":1.0,
        "recall":0.5,
        "f1-score":0.6666666667,
        "support":2.0
    },
    "P527":{
        "precision":0.0909090909,
        "recall":0.0909090909,
        "f1-score":0.0909090909,
        "support":11.0
    },
    "accuracy":{
        "precision":0.19,
        "recall":0.19,
        "f1-score":0.19,
        "support":0.19
    },
    "macro avg":{
        "precision":0.2482478678,
        "recall":0.1997835498,
        "f1-score":0.1954406813,
        "support":100.0
    },
    "weighted avg":{
        "precision":0.1945412311,
        "recall":0.19,
        "f1-score":0.1662103387,
        "support":100.0
    }
}